{"cameraMode":{"drawMode":0,"name":"Shaded","section":"Shading Mode"},"sceneLighting":false,"audioPlay":false,"sceneViewState":{"m_AlwaysRefresh":false,"showFog":true,"showSkybox":false,"showFlares":true,"showImageEffects":true,"showParticleSystems":true,"showVisualEffectGraphs":true,"m_FxEnabled":true},"in2DMode":false,"pivot":{"x":-0.25648951530456545,"y":2.0808258056640627,"z":0.12381243705749512},"rotation":{"x":-0.33693116903305056,"y":0.028330501168966295,"z":-0.010145786218345166,"w":-0.9410717487335205},"size":5.147854804992676,"orthographic":false}